STD,Type
-99.91,Consensus
-88.23,Consensus
-74.71,Consensus
-55.96,Consensus
-49.13,Consensus
-48.61,Consensus
-47.53,Consensus
-45.76,Consensus
-45.32,Consensus
-44.83,Consensus
-40.71,Consensus
-38.68,Consensus
-38.52,Consensus
-38.37,Consensus
-38.29,Consensus
-36.02,Consensus
-33.50,Consensus
-30.39,Consensus
-29.50,Consensus
-27.59,Consensus
-27.39,Consensus
-26.24,Consensus
-26.21,Consensus
-23.62,Consensus
-21.46,Consensus
-20.19,Consensus
-19.87,Consensus
-19.86,Consensus
-18.88,Consensus
-18.74,Consensus
-18.62,Consensus
-18.29,Consensus
-18.11,Consensus
-18.08,Consensus
-18.02,Consensus
-16.63,Consensus
-16.39,Consensus
-16.38,Consensus
-15.11,Consensus
-14.83,Consensus
-14.70,Consensus
-12.84,Consensus
-12.82,Consensus
-12.74,Consensus
-12.19,Consensus
-11.99,Consensus
-11.97,Consensus
-11.72,Consensus
-11.37,Consensus
-11.34,Consensus
-11.28,Consensus
-10.53,Consensus
-10.25,Consensus
-10.19,Consensus
-9.68,Consensus
-9.59,Consensus
-9.36,Consensus
-9.35,Consensus
-8.98,Consensus
-8.83,Consensus
-8.56,Consensus
-7.91,Consensus
-7.56,Consensus
-7.23,Consensus
-7.06,Consensus
-6.56,Consensus
-6.06,Consensus
-5.51,Consensus
-5.06,Consensus
-4.78,Consensus
-4.64,Consensus
-4.27,Consensus
-4.14,Consensus
-4.10,Consensus
-3.98,Consensus
-3.60,Consensus
-3.22,Consensus
-3.11,Consensus
-3.05,Consensus
-2.97,Consensus
-2.90,Consensus
-2.81,Consensus
-2.58,Consensus
-2.10,Consensus
-2.06,Consensus
-1.45,Consensus
-0.58,Consensus
-0.44,Consensus
-0.23,Consensus
-0.12,Consensus
-0.03,Consensus
0.05,Consensus
0.19,Consensus
0.52,Consensus
0.61,Consensus
0.91,Consensus
0.94,Consensus
1.00,Consensus
1.07,Consensus
1.65,Consensus
1.86,Consensus
2.37,Consensus
2.49,Consensus
2.67,Consensus
2.76,Consensus
3.09,Consensus
3.21,Consensus
3.62,Consensus
3.75,Consensus
3.95,Consensus
4.16,Consensus
4.18,Consensus
5.55,Consensus
5.69,Consensus
6.18,Consensus
6.84,Consensus
7.10,Consensus
7.74,Consensus
8.09,Consensus
8.88,Consensus
9.05,Consensus
9.31,Consensus
9.55,Consensus
9.62,Consensus
9.90,Consensus
10.68,Consensus
10.93,Consensus
11.01,Consensus
11.56,Consensus
12.12,Consensus
12.17,Consensus
12.48,Consensus
12.72,Consensus
13.75,Consensus
14.31,Consensus
14.52,Consensus
14.76,Consensus
14.97,Consensus
15.28,Consensus
16.49,Consensus
16.52,Consensus
16.89,Consensus
19.51,Consensus
20.64,Consensus
21.17,Consensus
23.30,Consensus
23.99,Consensus
26.20,Consensus
26.28,Consensus
27.20,Consensus
28.16,Consensus
31.54,Consensus
31.56,Consensus
37.76,Consensus
43.73,Consensus
50.78,Consensus
54.46,Consensus
56.27,Consensus
59.18,Consensus
89.76,Consensus
131.99,Consensus
184.84,Consensus
199.20,Consensus
-99.90,Consensus
-89.63,Consensus
-89.16,Consensus
-78.46,Consensus
-67.48,Consensus
-67.37,Consensus
-66.85,Consensus
-66.76,Consensus
-64.87,Consensus
-64.38,Consensus
-63.04,Consensus
-63.03,Consensus
-52.84,Consensus
-50.55,Consensus
-50.52,Consensus
-48.58,Consensus
-46.24,Consensus
-42.97,Consensus
-42.76,Consensus
-39.76,Consensus
-39.25,Consensus
-38.53,Consensus
-36.57,Consensus
-35.85,Consensus
-35.57,Consensus
-34.16,Consensus
-32.91,Consensus
-30.89,Consensus
-30.75,Consensus
-29.88,Consensus
-27.87,Consensus
-27.55,Consensus
-27.37,Consensus
-23.98,Consensus
-22.97,Consensus
-22.66,Consensus
-22.36,Consensus
-20.36,Consensus
-20.23,Consensus
-19.98,Consensus
-19.89,Consensus
-19.51,Consensus
-16.73,Consensus
-14.80,Consensus
-14.00,Consensus
-13.96,Consensus
-13.84,Consensus
-13.69,Consensus
-12.85,Consensus
-12.81,Consensus
-12.53,Consensus
-12.48,Consensus
-12.37,Consensus
-11.52,Consensus
-10.98,Consensus
-10.83,Consensus
-9.87,Consensus
-9.11,Consensus
-8.78,Consensus
-8.78,Consensus
-8.03,Consensus
-7.79,Consensus
-7.70,Consensus
-7.62,Consensus
-7.36,Consensus
-7.29,Consensus
-6.60,Consensus
-6.04,Consensus
-5.71,Consensus
-5.29,Consensus
-5.26,Consensus
-4.95,Consensus
-4.82,Consensus
-4.60,Consensus
-4.39,Consensus
-4.14,Consensus
-4.08,Consensus
-3.70,Consensus
-3.03,Consensus
-2.63,Consensus
-2.57,Consensus
-2.56,Consensus
-2.47,Consensus
-2.15,Consensus
-1.89,Consensus
-1.60,Consensus
-1.18,Consensus
-0.79,Consensus
-0.30,Consensus
0.51,Consensus
1.08,Consensus
1.20,Consensus
1.32,Consensus
1.70,Consensus
2.10,Consensus
2.44,Consensus
2.53,Consensus
2.90,Consensus
2.93,Consensus
3.03,Consensus
3.43,Consensus
4.47,Consensus
4.56,Consensus
4.64,Consensus
5.66,Consensus
5.88,Consensus
6.63,Consensus
7.19,Consensus
7.24,Consensus
7.42,Consensus
7.53,Consensus
8.82,Consensus
9.19,Consensus
11.00,Consensus
11.04,Consensus
12.00,Consensus
12.23,Consensus
13.82,Consensus
14.22,Consensus
15.40,Consensus
15.50,Consensus
15.98,Consensus
16.43,Consensus
16.53,Consensus
17.86,Consensus
18.76,Consensus
19.65,Consensus
19.74,Consensus
21.03,Consensus
21.51,Consensus
21.66,Consensus
24.41,Consensus
26.17,Consensus
27.73,Consensus
29.33,Consensus
29.57,Consensus
34.84,Consensus
51.35,Consensus
91.05,Consensus
170.75,Consensus
242.49,Consensus
-99.92,Consensus
-96.41,Consensus
-93.23,Consensus
-87.49,Consensus
-86.00,Consensus
-85.09,Consensus
-84.73,Consensus
-82.56,Consensus
-75.14,Consensus
-73.41,Consensus
-68.64,Consensus
-57.21,Consensus
-55.05,Consensus
-47.06,Consensus
-46.01,Consensus
-44.09,Consensus
-42.55,Consensus
-42.40,Consensus
-39.61,Consensus
-38.66,Consensus
-37.48,Consensus
-36.78,Consensus
-35.55,Consensus
-35.42,Consensus
-34.86,Consensus
-34.59,Consensus
-32.47,Consensus
-32.14,Consensus
-28.59,Consensus
-27.07,Consensus
-25.92,Consensus
-24.32,Consensus
-23.70,Consensus
-23.31,Consensus
-23.22,Consensus
-22.06,Consensus
-21.30,Consensus
-21.28,Consensus
-20.77,Consensus
-19.71,Consensus
-19.20,Consensus
-18.73,Consensus
-18.44,Consensus
-18.31,Consensus
-17.50,Consensus
-17.15,Consensus
-16.71,Consensus
-16.40,Consensus
-16.02,Consensus
-16.00,Consensus
-15.91,Consensus
-15.21,Consensus
-14.94,Consensus
-14.93,Consensus
-14.68,Consensus
-13.97,Consensus
-13.92,Consensus
-13.80,Consensus
-13.20,Consensus
-13.05,Consensus
-11.40,Consensus
-10.65,Consensus
-9.38,Consensus
-8.44,Consensus
-8.32,Consensus
-8.15,Consensus
-7.75,Consensus
-7.70,Consensus
-7.05,Consensus
-6.81,Consensus
-6.43,Consensus
-6.18,Consensus
-6.04,Consensus
-5.92,Consensus
-5.72,Consensus
-5.24,Consensus
-5.21,Consensus
-4.48,Consensus
-4.17,Consensus
-3.90,Consensus
-3.89,Consensus
-3.59,Consensus
-3.41,Consensus
-3.32,Consensus
-2.92,Consensus
-2.74,Consensus
-2.61,Consensus
-2.59,Consensus
-2.06,Consensus
-2.02,Consensus
-1.95,Consensus
-1.59,Consensus
-1.47,Consensus
-1.42,Consensus
-1.37,Consensus
-1.30,Consensus
-0.95,Consensus
-0.79,Consensus
-0.58,Consensus
-0.55,Consensus
-0.45,Consensus
-0.39,Consensus
-0.38,Consensus
-0.07,Consensus
0.09,Consensus
0.32,Consensus
0.86,Consensus
1.32,Consensus
1.46,Consensus
1.49,Consensus
1.62,Consensus
2.36,Consensus
2.92,Consensus
3.63,Consensus
3.64,Consensus
3.82,Consensus
3.85,Consensus
4.06,Consensus
4.63,Consensus
4.68,Consensus
5.45,Consensus
5.82,Consensus
5.84,Consensus
6.78,Consensus
6.80,Consensus
7.13,Consensus
7.24,Consensus
7.49,Consensus
8.14,Consensus
9.05,Consensus
9.34,Consensus
10.00,Consensus
12.89,Consensus
13.70,Consensus
16.08,Consensus
18.79,Consensus
19.80,Consensus
23.02,Consensus
25.03,Consensus
31.67,Consensus
34.28,Consensus
36.31,Consensus
38.87,Consensus
92.28,Consensus
422.64,Consensus
657.41,Consensus
-99.91,Consensus
-82.11,Consensus
-80.29,Consensus
-78.16,Consensus
-69.37,Consensus
-66.33,Consensus
-65.01,Consensus
-64.07,Consensus
-62.05,Consensus
-60.54,Consensus
-56.18,Consensus
-44.98,Consensus
-43.56,Consensus
-42.01,Consensus
-42.00,Consensus
-41.71,Consensus
-41.26,Consensus
-37.39,Consensus
-36.23,Consensus
-35.26,Consensus
-34.71,Consensus
-34.31,Consensus
-31.77,Consensus
-31.02,Consensus
-30.03,Consensus
-29.49,Consensus
-29.41,Consensus
-28.39,Consensus
-27.15,Consensus
-25.38,Consensus
-25.01,Consensus
-24.85,Consensus
-24.10,Consensus
-23.54,Consensus
-20.85,Consensus
-20.73,Consensus
-20.68,Consensus
-20.61,Consensus
-20.07,Consensus
-19.81,Consensus
-19.56,Consensus
-19.51,Consensus
-19.29,Consensus
-19.07,Consensus
-18.54,Consensus
-18.26,Consensus
-17.57,Consensus
-16.02,Consensus
-15.58,Consensus
-15.24,Consensus
-14.55,Consensus
-14.16,Consensus
-14.11,Consensus
-14.10,Consensus
-13.77,Consensus
-13.36,Consensus
-13.18,Consensus
-13.10,Consensus
-12.73,Consensus
-12.28,Consensus
-12.25,Consensus
-11.71,Consensus
-11.54,Consensus
-11.23,Consensus
-10.80,Consensus
-10.36,Consensus
-10.30,Consensus
-10.09,Consensus
-9.81,Consensus
-9.78,Consensus
-9.69,Consensus
-9.60,Consensus
-9.30,Consensus
-8.84,Consensus
-8.47,Consensus
-8.01,Consensus
-7.96,Consensus
-7.93,Consensus
-7.11,Consensus
-7.11,Consensus
-7.04,Consensus
-6.80,Consensus
-6.34,Consensus
-6.05,Consensus
-5.80,Consensus
-5.67,Consensus
-5.31,Consensus
-5.21,Consensus
-5.20,Consensus
-5.07,Consensus
-4.63,Consensus
-4.24,Consensus
-4.12,Consensus
-3.97,Consensus
-3.50,Consensus
-3.33,Consensus
-3.32,Consensus
-3.31,Consensus
-3.01,Consensus
-2.89,Consensus
-2.77,Consensus
-2.39,Consensus
-2.34,Consensus
-2.31,Consensus
-1.98,Consensus
-1.88,Consensus
-1.76,Consensus
-1.71,Consensus
-1.66,Consensus
-1.39,Consensus
-1.37,Consensus
-0.59,Consensus
-0.43,Consensus
-0.31,Consensus
-0.31,Consensus
0.03,Consensus
0.38,Consensus
0.75,Consensus
0.89,Consensus
1.53,Consensus
2.20,Consensus
2.31,Consensus
2.92,Consensus
3.80,Consensus
5.19,Consensus
5.44,Consensus
6.94,Consensus
8.44,Consensus
9.09,Consensus
9.33,Consensus
9.77,Consensus
10.23,Consensus
10.70,Consensus
13.13,Consensus
13.67,Consensus
14.37,Consensus
14.90,Consensus
15.17,Consensus
18.80,Consensus
27.89,Consensus
30.32,Consensus
32.78,Consensus
45.43,Consensus
46.99,Consensus
53.06,Consensus
54.11,Consensus
-99.88,Consensus
-86.04,Consensus
-82.69,Consensus
-80.09,Consensus
-66.46,Consensus
-60.51,Consensus
-60.16,Consensus
-59.00,Consensus
-52.68,Consensus
-51.12,Consensus
-48.01,Consensus
-44.43,Consensus
-41.62,Consensus
-40.40,Consensus
-36.54,Consensus
-33.85,Consensus
-33.11,Consensus
-32.96,Consensus
-32.36,Consensus
-30.76,Consensus
-25.08,Consensus
-24.56,Consensus
-23.50,Consensus
-23.04,Consensus
-22.66,Consensus
-22.18,Consensus
-21.21,Consensus
-20.30,Consensus
-19.96,Consensus
-18.43,Consensus
-17.98,Consensus
-17.98,Consensus
-17.80,Consensus
-17.80,Consensus
-16.74,Consensus
-16.47,Consensus
-16.24,Consensus
-15.90,Consensus
-15.73,Consensus
-15.06,Consensus
-14.64,Consensus
-14.00,Consensus
-13.82,Consensus
-13.34,Consensus
-13.32,Consensus
-13.22,Consensus
-13.12,Consensus
-13.06,Consensus
-12.95,Consensus
-12.80,Consensus
-12.52,Consensus
-12.36,Consensus
-12.23,Consensus
-11.97,Consensus
-11.85,Consensus
-11.36,Consensus
-11.18,Consensus
-10.59,Consensus
-10.52,Consensus
-10.37,Consensus
-10.24,Consensus
-10.21,Consensus
-10.20,Consensus
-9.97,Consensus
-9.91,Consensus
-9.90,Consensus
-9.81,Consensus
-9.72,Consensus
-8.96,Consensus
-8.40,Consensus
-8.24,Consensus
-8.09,Consensus
-7.97,Consensus
-7.84,Consensus
-7.75,Consensus
-7.09,Consensus
-7.06,Consensus
-7.03,Consensus
-6.36,Consensus
-6.26,Consensus
-5.97,Consensus
-5.84,Consensus
-5.64,Consensus
-5.57,Consensus
-5.19,Consensus
-4.68,Consensus
-3.91,Consensus
-2.95,Consensus
-2.82,Consensus
-2.64,Consensus
-1.55,Consensus
-1.48,Consensus
-1.24,Consensus
-1.11,Consensus
-0.91,Consensus
-0.72,Consensus
-0.46,Consensus
-0.26,Consensus
-0.25,Consensus
-0.19,Consensus
-0.12,Consensus
0.35,Consensus
0.57,Consensus
0.67,Consensus
0.80,Consensus
0.83,Consensus
1.02,Consensus
1.07,Consensus
1.09,Consensus
1.23,Consensus
1.50,Consensus
1.56,Consensus
1.59,Consensus
1.77,Consensus
1.94,Consensus
2.57,Consensus
2.77,Consensus
2.80,Consensus
3.64,Consensus
4.48,Consensus
4.61,Consensus
4.89,Consensus
5.14,Consensus
5.48,Consensus
5.64,Consensus
6.45,Consensus
6.77,Consensus
7.41,Consensus
7.67,Consensus
7.71,Consensus
8.56,Consensus
9.09,Consensus
9.31,Consensus
11.05,Consensus
11.47,Consensus
12.60,Consensus
12.72,Consensus
12.90,Consensus
14.08,Consensus
14.09,Consensus
14.56,Consensus
15.83,Consensus
18.59,Consensus
19.70,Consensus
30.82,Consensus
37.87,Consensus
45.15,Consensus
289.06,Consensus
494.16,Consensus
501.00,Consensus
726.61,Consensus
"1,781.99",Consensus
-99.91,Consensus
-84.18,Consensus
-83.70,Consensus
-81.60,Consensus
-75.69,Consensus
-75.57,Consensus
-73.56,Consensus
-71.71,Consensus
-68.64,Consensus
-65.27,Consensus
-60.92,Consensus
-60.78,Consensus
-60.13,Consensus
-59.95,Consensus
-48.49,Consensus
-41.14,Consensus
-40.54,Consensus
-37.95,Consensus
-37.83,Consensus
-37.75,Consensus
-37.05,Consensus
-35.72,Consensus
-33.86,Consensus
-32.58,Consensus
-31.89,Consensus
-31.56,Consensus
-28.14,Consensus
-27.75,Consensus
-25.30,Consensus
-24.58,Consensus
-22.65,Consensus
-22.26,Consensus
-21.86,Consensus
-21.81,Consensus
-21.69,Consensus
-21.52,Consensus
-20.81,Consensus
-19.17,Consensus
-19.05,Consensus
-18.01,Consensus
-16.53,Consensus
-16.32,Consensus
-15.72,Consensus
-15.65,Consensus
-15.62,Consensus
-15.23,Consensus
-14.74,Consensus
-14.37,Consensus
-13.97,Consensus
-13.08,Consensus
-12.59,Consensus
-12.00,Consensus
-11.71,Consensus
-9.96,Consensus
-9.69,Consensus
-9.42,Consensus
-9.40,Consensus
-9.34,Consensus
-9.06,Consensus
-9.06,Consensus
-8.53,Consensus
-8.50,Consensus
-8.37,Consensus
-7.85,Consensus
-7.27,Consensus
-6.91,Consensus
-6.79,Consensus
-6.53,Consensus
-6.49,Consensus
-6.23,Consensus
-5.75,Consensus
-5.30,Consensus
-5.23,Consensus
-5.12,Consensus
-4.81,Consensus
-4.63,Consensus
-4.57,Consensus
-4.34,Consensus
-4.18,Consensus
-4.15,Consensus
-3.69,Consensus
-3.08,Consensus
-2.11,Consensus
-2.03,Consensus
-1.85,Consensus
-0.47,Consensus
-0.28,Consensus
0.23,Consensus
0.59,Consensus
0.66,Consensus
0.67,Consensus
0.74,Consensus
1.21,Consensus
1.49,Consensus
1.55,Consensus
1.58,Consensus
1.69,Consensus
2.01,Consensus
3.50,Consensus
3.60,Consensus
4.64,Consensus
4.79,Consensus
4.85,Consensus
4.89,Consensus
5.04,Consensus
5.20,Consensus
5.87,Consensus
6.34,Consensus
6.43,Consensus
6.46,Consensus
6.66,Consensus
6.85,Consensus
7.30,Consensus
7.57,Consensus
7.67,Consensus
8.37,Consensus
8.51,Consensus
8.59,Consensus
9.18,Consensus
9.83,Consensus
10.80,Consensus
10.95,Consensus
11.19,Consensus
11.96,Consensus
11.96,Consensus
12.31,Consensus
13.41,Consensus
13.79,Consensus
14.35,Consensus
14.68,Consensus
17.52,Consensus
18.46,Consensus
20.70,Consensus
21.09,Consensus
22.64,Consensus
23.12,Consensus
27.66,Consensus
28.04,Consensus
30.47,Consensus
30.57,Consensus
34.03,Consensus
44.29,Consensus
68.79,Consensus
78.89,Consensus
504.83,Consensus
-85.40,Consensus
-82.42,Consensus
-79.47,Consensus
-69.89,Consensus
-65.82,Consensus
-65.72,Consensus
-64.98,Consensus
-55.51,Consensus
-53.13,Consensus
-43.93,Consensus
-42.19,Consensus
-40.83,Consensus
-38.98,Consensus
-38.40,Consensus
-35.93,Consensus
-32.16,Consensus
-28.97,Consensus
-28.68,Consensus
-28.68,Consensus
-27.37,Consensus
-26.64,Consensus
-26.49,Consensus
-26.17,Consensus
-26.13,Consensus
-24.96,Consensus
-23.86,Consensus
-23.42,Consensus
-22.95,Consensus
-22.79,Consensus
-22.10,Consensus
-21.90,Consensus
-21.50,Consensus
-21.03,Consensus
-20.17,Consensus
-18.55,Consensus
-18.38,Consensus
-18.09,Consensus
-17.22,Consensus
-17.00,Consensus
-16.73,Consensus
-16.51,Consensus
-16.29,Consensus
-15.40,Consensus
-15.00,Consensus
-14.37,Consensus
-14.09,Consensus
-13.93,Consensus
-13.42,Consensus
-13.32,Consensus
-12.39,Consensus
-12.24,Consensus
-12.24,Consensus
-12.06,Consensus
-11.57,Consensus
-11.48,Consensus
-10.94,Consensus
-10.93,Consensus
-10.88,Consensus
-10.71,Consensus
-10.44,Consensus
-10.40,Consensus
-10.38,Consensus
-9.54,Consensus
-9.09,Consensus
-8.96,Consensus
-8.89,Consensus
-7.79,Consensus
-7.45,Consensus
-7.42,Consensus
-7.36,Consensus
-7.32,Consensus
-7.25,Consensus
-7.15,Consensus
-6.80,Consensus
-6.80,Consensus
-6.52,Consensus
-6.41,Consensus
-6.12,Consensus
-5.73,Consensus
-5.62,Consensus
-5.56,Consensus
-5.42,Consensus
-5.41,Consensus
-5.37,Consensus
-5.29,Consensus
-4.90,Consensus
-4.88,Consensus
-4.80,Consensus
-4.32,Consensus
-4.15,Consensus
-4.01,Consensus
-3.98,Consensus
-3.97,Consensus
-3.87,Consensus
-3.70,Consensus
-3.25,Consensus
-2.42,Consensus
-1.56,Consensus
-1.50,Consensus
-1.22,Consensus
-0.96,Consensus
-0.39,Consensus
0.12,Consensus
0.49,Consensus
0.67,Consensus
0.88,Consensus
1.13,Consensus
1.28,Consensus
1.48,Consensus
1.70,Consensus
2.00,Consensus
2.30,Consensus
2.83,Consensus
3.31,Consensus
4.18,Consensus
5.43,Consensus
5.89,Consensus
5.93,Consensus
6.66,Consensus
6.75,Consensus
7.09,Consensus
7.25,Consensus
7.76,Consensus
8.53,Consensus
8.98,Consensus
9.02,Consensus
9.27,Consensus
12.13,Consensus
12.34,Consensus
18.08,Consensus
20.47,Consensus
20.51,Consensus
21.41,Consensus
22.42,Consensus
26.99,Consensus
38.20,Consensus
46.27,Consensus
69.35,Consensus
-75.61,Consensus
-74.92,Consensus
-71.23,Consensus
-66.70,Consensus
-65.99,Consensus
-60.72,Consensus
-57.83,Consensus
-56.62,Consensus
-54.69,Consensus
-54.58,Consensus
-48.13,Consensus
-46.09,Consensus
-45.87,Consensus
-44.03,Consensus
-42.11,Consensus
-41.43,Consensus
-36.37,Consensus
-33.94,Consensus
-31.39,Consensus
-31.35,Consensus
-30.96,Consensus
-30.10,Consensus
-28.72,Consensus
-27.95,Consensus
-27.36,Consensus
-23.97,Consensus
-23.48,Consensus
-21.85,Consensus
-21.43,Consensus
-20.80,Consensus
-20.21,Consensus
-18.68,Consensus
-18.34,Consensus
-18.31,Consensus
-17.98,Consensus
-16.75,Consensus
-16.38,Consensus
-15.32,Consensus
-14.79,Consensus
-14.59,Consensus
-14.43,Consensus
-13.85,Consensus
-12.49,Consensus
-12.46,Consensus
-12.28,Consensus
-12.18,Consensus
-10.54,Consensus
-9.81,Consensus
-7.95,Consensus
-7.76,Consensus
-7.39,Consensus
-7.27,Consensus
-7.21,Consensus
-7.04,Consensus
-6.53,Consensus
-5.97,Consensus
-5.89,Consensus
-5.78,Consensus
-4.76,Consensus
-4.72,Consensus
-4.54,Consensus
-4.41,Consensus
-4.37,Consensus
-4.35,Consensus
-4.30,Consensus
-4.09,Consensus
-3.50,Consensus
-3.03,Consensus
-2.80,Consensus
-2.47,Consensus
-2.47,Consensus
-2.26,Consensus
-2.23,Consensus
-2.18,Consensus
-2.15,Consensus
-1.63,Consensus
-1.41,Consensus
-1.27,Consensus
-1.26,Consensus
-1.12,Consensus
-1.06,Consensus
-0.86,Consensus
-0.69,Consensus
-0.48,Consensus
-0.13,Consensus
-0.08,Consensus
0.37,Consensus
0.84,Consensus
1.86,Consensus
1.88,Consensus
2.55,Consensus
3.49,Consensus
4.01,Consensus
4.26,Consensus
5.21,Consensus
5.88,Consensus
6.19,Consensus
6.26,Consensus
6.41,Consensus
7.33,Consensus
7.76,Consensus
7.95,Consensus
8.77,Consensus
9.77,Consensus
10.84,Consensus
11.56,Consensus
11.75,Consensus
12.10,Consensus
12.21,Consensus
14.22,Consensus
14.84,Consensus
17.80,Consensus
18.93,Consensus
19.18,Consensus
21.70,Consensus
22.46,Consensus
22.99,Consensus
26.72,Consensus
28.02,Consensus
31.25,Consensus
35.95,Consensus
40.66,Consensus
101.04,Consensus
308.29,Consensus
327.00,Consensus
-99.91,SmartEsimate
-86.88,SmartEsimate
-74.89,SmartEsimate
-49.13,SmartEsimate
-46.33,SmartEsimate
-42.39,SmartEsimate
-41.12,SmartEsimate
-40.57,SmartEsimate
-38.68,SmartEsimate
-35.71,SmartEsimate
-33.56,SmartEsimate
-32.64,SmartEsimate
-31.14,SmartEsimate
-30.25,SmartEsimate
-29.42,SmartEsimate
-27.40,SmartEsimate
-26.23,SmartEsimate
-25.40,SmartEsimate
-23.62,SmartEsimate
-21.56,SmartEsimate
-21.05,SmartEsimate
-20.22,SmartEsimate
-18.65,SmartEsimate
-18.08,SmartEsimate
-17.94,SmartEsimate
-16.93,SmartEsimate
-16.67,SmartEsimate
-16.41,SmartEsimate
-15.60,SmartEsimate
-15.38,SmartEsimate
-14.69,SmartEsimate
-14.55,SmartEsimate
-14.45,SmartEsimate
-14.22,SmartEsimate
-14.10,SmartEsimate
-13.27,SmartEsimate
-12.85,SmartEsimate
-12.48,SmartEsimate
-12.28,SmartEsimate
-12.03,SmartEsimate
-12.01,SmartEsimate
-11.81,SmartEsimate
-11.35,SmartEsimate
-11.03,SmartEsimate
-11.02,SmartEsimate
-10.81,SmartEsimate
-10.45,SmartEsimate
-9.84,SmartEsimate
-9.50,SmartEsimate
-8.61,SmartEsimate
-8.17,SmartEsimate
-8.12,SmartEsimate
-7.93,SmartEsimate
-7.55,SmartEsimate
-7.30,SmartEsimate
-6.93,SmartEsimate
-6.44,SmartEsimate
-6.18,SmartEsimate
-6.16,SmartEsimate
-6.12,SmartEsimate
-6.09,SmartEsimate
-5.84,SmartEsimate
-5.74,SmartEsimate
-5.54,SmartEsimate
-4.95,SmartEsimate
-4.44,SmartEsimate
-4.33,SmartEsimate
-4.02,SmartEsimate
-3.91,SmartEsimate
-3.64,SmartEsimate
-3.63,SmartEsimate
-3.39,SmartEsimate
-3.08,SmartEsimate
-2.66,SmartEsimate
-2.64,SmartEsimate
-1.85,SmartEsimate
-1.72,SmartEsimate
-1.49,SmartEsimate
-1.45,SmartEsimate
-1.28,SmartEsimate
-1.27,SmartEsimate
-1.23,SmartEsimate
-0.75,SmartEsimate
-0.67,SmartEsimate
-0.47,SmartEsimate
-0.33,SmartEsimate
-0.28,SmartEsimate
-0.25,SmartEsimate
-0.05,SmartEsimate
0.53,SmartEsimate
0.57,SmartEsimate
0.61,SmartEsimate
0.89,SmartEsimate
1.42,SmartEsimate
1.48,SmartEsimate
1.60,SmartEsimate
1.67,SmartEsimate
2.32,SmartEsimate
2.49,SmartEsimate
2.63,SmartEsimate
2.65,SmartEsimate
2.73,SmartEsimate
2.87,SmartEsimate
2.97,SmartEsimate
3.16,SmartEsimate
3.34,SmartEsimate
3.88,SmartEsimate
4.28,SmartEsimate
4.40,SmartEsimate
4.44,SmartEsimate
5.38,SmartEsimate
6.12,SmartEsimate
6.18,SmartEsimate
6.31,SmartEsimate
7.53,SmartEsimate
7.53,SmartEsimate
7.55,SmartEsimate
7.59,SmartEsimate
7.62,SmartEsimate
7.79,SmartEsimate
8.53,SmartEsimate
8.80,SmartEsimate
8.81,SmartEsimate
9.00,SmartEsimate
9.95,SmartEsimate
10.35,SmartEsimate
10.51,SmartEsimate
10.57,SmartEsimate
11.28,SmartEsimate
11.39,SmartEsimate
11.42,SmartEsimate
13.98,SmartEsimate
14.67,SmartEsimate
14.67,SmartEsimate
15.86,SmartEsimate
15.90,SmartEsimate
15.93,SmartEsimate
16.29,SmartEsimate
17.76,SmartEsimate
19.90,SmartEsimate
20.09,SmartEsimate
21.65,SmartEsimate
22.04,SmartEsimate
25.11,SmartEsimate
27.13,SmartEsimate
27.88,SmartEsimate
28.93,SmartEsimate
32.14,SmartEsimate
33.47,SmartEsimate
35.75,SmartEsimate
37.61,SmartEsimate
37.86,SmartEsimate
44.73,SmartEsimate
50.78,SmartEsimate
52.98,SmartEsimate
67.36,SmartEsimate
84.65,SmartEsimate
137.14,SmartEsimate
182.17,SmartEsimate
186.78,SmartEsimate
-99.90,SmartEsimate
-79.33,SmartEsimate
-79.27,SmartEsimate
-68.88,SmartEsimate
-66.50,SmartEsimate
-64.72,SmartEsimate
-63.46,SmartEsimate
-61.71,SmartEsimate
-55.97,SmartEsimate
-53.78,SmartEsimate
-51.50,SmartEsimate
-50.85,SmartEsimate
-48.15,SmartEsimate
-45.69,SmartEsimate
-43.89,SmartEsimate
-42.68,SmartEsimate
-40.16,SmartEsimate
-38.30,SmartEsimate
-36.21,SmartEsimate
-35.20,SmartEsimate
-31.22,SmartEsimate
-30.67,SmartEsimate
-29.79,SmartEsimate
-29.12,SmartEsimate
-26.29,SmartEsimate
-25.62,SmartEsimate
-22.71,SmartEsimate
-21.70,SmartEsimate
-21.12,SmartEsimate
-20.59,SmartEsimate
-20.09,SmartEsimate
-19.52,SmartEsimate
-19.26,SmartEsimate
-17.78,SmartEsimate
-16.44,SmartEsimate
-16.42,SmartEsimate
-16.10,SmartEsimate
-15.07,SmartEsimate
-13.86,SmartEsimate
-13.60,SmartEsimate
-13.27,SmartEsimate
-12.53,SmartEsimate
-12.47,SmartEsimate
-12.20,SmartEsimate
-12.15,SmartEsimate
-11.77,SmartEsimate
-11.21,SmartEsimate
-11.00,SmartEsimate
-10.94,SmartEsimate
-10.38,SmartEsimate
-9.79,SmartEsimate
-9.39,SmartEsimate
-9.08,SmartEsimate
-8.67,SmartEsimate
-8.66,SmartEsimate
-8.52,SmartEsimate
-8.39,SmartEsimate
-8.28,SmartEsimate
-7.70,SmartEsimate
-7.65,SmartEsimate
-7.31,SmartEsimate
-7.10,SmartEsimate
-6.37,SmartEsimate
-6.12,SmartEsimate
-5.78,SmartEsimate
-4.37,SmartEsimate
-3.77,SmartEsimate
-3.40,SmartEsimate
-3.36,SmartEsimate
-3.21,SmartEsimate
-3.04,SmartEsimate
-2.90,SmartEsimate
-2.44,SmartEsimate
-2.34,SmartEsimate
-2.14,SmartEsimate
-1.60,SmartEsimate
-1.58,SmartEsimate
-0.66,SmartEsimate
-0.51,SmartEsimate
0.05,SmartEsimate
0.23,SmartEsimate
0.98,SmartEsimate
1.71,SmartEsimate
1.80,SmartEsimate
2.42,SmartEsimate
3.47,SmartEsimate
3.72,SmartEsimate
4.18,SmartEsimate
4.18,SmartEsimate
4.34,SmartEsimate
4.45,SmartEsimate
4.58,SmartEsimate
4.87,SmartEsimate
4.90,SmartEsimate
5.93,SmartEsimate
6.05,SmartEsimate
6.61,SmartEsimate
8.53,SmartEsimate
8.85,SmartEsimate
9.32,SmartEsimate
10.37,SmartEsimate
10.53,SmartEsimate
11.23,SmartEsimate
11.41,SmartEsimate
13.79,SmartEsimate
13.87,SmartEsimate
15.09,SmartEsimate
15.15,SmartEsimate
15.30,SmartEsimate
16.71,SmartEsimate
17.19,SmartEsimate
17.96,SmartEsimate
18.13,SmartEsimate
18.49,SmartEsimate
19.96,SmartEsimate
20.34,SmartEsimate
20.80,SmartEsimate
21.61,SmartEsimate
22.43,SmartEsimate
25.66,SmartEsimate
27.54,SmartEsimate
27.55,SmartEsimate
29.43,SmartEsimate
35.56,SmartEsimate
49.13,SmartEsimate
170.75,SmartEsimate
228.90,SmartEsimate
734.40,SmartEsimate
-99.92,SmartEsimate
-95.69,SmartEsimate
-92.96,SmartEsimate
-86.33,SmartEsimate
-86.21,SmartEsimate
-84.61,SmartEsimate
-79.33,SmartEsimate
-73.84,SmartEsimate
-69.71,SmartEsimate
-63.98,SmartEsimate
-60.04,SmartEsimate
-59.63,SmartEsimate
-57.72,SmartEsimate
-52.76,SmartEsimate
-44.51,SmartEsimate
-41.22,SmartEsimate
-38.72,SmartEsimate
-37.22,SmartEsimate
-36.65,SmartEsimate
-36.24,SmartEsimate
-35.82,SmartEsimate
-34.11,SmartEsimate
-33.95,SmartEsimate
-32.97,SmartEsimate
-32.95,SmartEsimate
-31.49,SmartEsimate
-31.27,SmartEsimate
-30.59,SmartEsimate
-27.98,SmartEsimate
-27.54,SmartEsimate
-26.24,SmartEsimate
-25.09,SmartEsimate
-24.69,SmartEsimate
-23.97,SmartEsimate
-23.33,SmartEsimate
-22.29,SmartEsimate
-22.16,SmartEsimate
-21.98,SmartEsimate
-19.84,SmartEsimate
-19.71,SmartEsimate
-19.02,SmartEsimate
-17.97,SmartEsimate
-16.71,SmartEsimate
-16.42,SmartEsimate
-16.25,SmartEsimate
-15.62,SmartEsimate
-15.27,SmartEsimate
-15.21,SmartEsimate
-15.16,SmartEsimate
-14.25,SmartEsimate
-14.09,SmartEsimate
-13.69,SmartEsimate
-13.63,SmartEsimate
-13.44,SmartEsimate
-12.93,SmartEsimate
-10.80,SmartEsimate
-9.81,SmartEsimate
-9.79,SmartEsimate
-9.20,SmartEsimate
-8.86,SmartEsimate
-8.66,SmartEsimate
-8.28,SmartEsimate
-7.21,SmartEsimate
-7.18,SmartEsimate
-6.96,SmartEsimate
-6.67,SmartEsimate
-6.36,SmartEsimate
-6.08,SmartEsimate
-5.34,SmartEsimate
-4.98,SmartEsimate
-4.87,SmartEsimate
-4.66,SmartEsimate
-4.55,SmartEsimate
-4.44,SmartEsimate
-4.07,SmartEsimate
-4.05,SmartEsimate
-3.80,SmartEsimate
-3.67,SmartEsimate
-3.61,SmartEsimate
-3.49,SmartEsimate
-3.48,SmartEsimate
-3.02,SmartEsimate
-2.81,SmartEsimate
-2.26,SmartEsimate
-2.23,SmartEsimate
-2.16,SmartEsimate
-2.01,SmartEsimate
-1.69,SmartEsimate
-1.54,SmartEsimate
-1.50,SmartEsimate
-1.38,SmartEsimate
-1.27,SmartEsimate
-1.00,SmartEsimate
-0.75,SmartEsimate
-0.57,SmartEsimate
-0.44,SmartEsimate
-0.05,SmartEsimate
0.09,SmartEsimate
0.34,SmartEsimate
0.92,SmartEsimate
1.31,SmartEsimate
1.92,SmartEsimate
2.16,SmartEsimate
2.44,SmartEsimate
2.44,SmartEsimate
2.69,SmartEsimate
2.72,SmartEsimate
3.18,SmartEsimate
3.39,SmartEsimate
3.50,SmartEsimate
3.53,SmartEsimate
4.40,SmartEsimate
4.56,SmartEsimate
4.76,SmartEsimate
4.88,SmartEsimate
5.08,SmartEsimate
5.38,SmartEsimate
6.07,SmartEsimate
6.64,SmartEsimate
6.81,SmartEsimate
6.83,SmartEsimate
6.89,SmartEsimate
7.35,SmartEsimate
7.37,SmartEsimate
8.02,SmartEsimate
9.41,SmartEsimate
10.15,SmartEsimate
10.57,SmartEsimate
11.07,SmartEsimate
12.67,SmartEsimate
13.92,SmartEsimate
14.27,SmartEsimate
17.16,SmartEsimate
17.31,SmartEsimate
19.32,SmartEsimate
20.57,SmartEsimate
23.20,SmartEsimate
26.28,SmartEsimate
30.10,SmartEsimate
34.28,SmartEsimate
40.96,SmartEsimate
61.04,SmartEsimate
78.17,SmartEsimate
332.22,SmartEsimate
930.75,SmartEsimate
-99.92,SmartEsimate
-80.29,SmartEsimate
-80.03,SmartEsimate
-77.90,SmartEsimate
-70.47,SmartEsimate
-70.34,SmartEsimate
-63.92,SmartEsimate
-62.37,SmartEsimate
-59.03,SmartEsimate
-56.15,SmartEsimate
-53.15,SmartEsimate
-43.97,SmartEsimate
-37.15,SmartEsimate
-36.97,SmartEsimate
-36.51,SmartEsimate
-36.28,SmartEsimate
-35.40,SmartEsimate
-35.09,SmartEsimate
-33.39,SmartEsimate
-32.18,SmartEsimate
-31.88,SmartEsimate
-29.19,SmartEsimate
-25.75,SmartEsimate
-24.95,SmartEsimate
-24.55,SmartEsimate
-24.30,SmartEsimate
-23.96,SmartEsimate
-23.30,SmartEsimate
-23.26,SmartEsimate
-22.77,SmartEsimate
-22.73,SmartEsimate
-22.66,SmartEsimate
-20.66,SmartEsimate
-19.86,SmartEsimate
-19.52,SmartEsimate
-19.50,SmartEsimate
-19.40,SmartEsimate
-18.59,SmartEsimate
-18.41,SmartEsimate
-18.07,SmartEsimate
-17.23,SmartEsimate
-16.87,SmartEsimate
-16.86,SmartEsimate
-16.39,SmartEsimate
-15.09,SmartEsimate
-15.06,SmartEsimate
-14.93,SmartEsimate
-14.82,SmartEsimate
-14.56,SmartEsimate
-13.87,SmartEsimate
-12.93,SmartEsimate
-12.30,SmartEsimate
-11.97,SmartEsimate
-11.88,SmartEsimate
-11.87,SmartEsimate
-11.73,SmartEsimate
-11.31,SmartEsimate
-11.02,SmartEsimate
-10.95,SmartEsimate
-10.76,SmartEsimate
-10.75,SmartEsimate
-10.46,SmartEsimate
-10.36,SmartEsimate
-9.94,SmartEsimate
-9.86,SmartEsimate
-9.01,SmartEsimate
-8.90,SmartEsimate
-8.77,SmartEsimate
-7.62,SmartEsimate
-7.60,SmartEsimate
-7.41,SmartEsimate
-7.31,SmartEsimate
-7.08,SmartEsimate
-7.08,SmartEsimate
-7.02,SmartEsimate
-6.61,SmartEsimate
-6.54,SmartEsimate
-5.78,SmartEsimate
-5.02,SmartEsimate
-4.69,SmartEsimate
-4.24,SmartEsimate
-4.23,SmartEsimate
-4.23,SmartEsimate
-4.19,SmartEsimate
-4.12,SmartEsimate
-3.79,SmartEsimate
-3.78,SmartEsimate
-3.68,SmartEsimate
-3.46,SmartEsimate
-3.37,SmartEsimate
-3.20,SmartEsimate
-3.01,SmartEsimate
-2.53,SmartEsimate
-1.98,SmartEsimate
-1.81,SmartEsimate
-1.75,SmartEsimate
-1.47,SmartEsimate
-1.45,SmartEsimate
-1.35,SmartEsimate
-1.32,SmartEsimate
-1.22,SmartEsimate
-1.18,SmartEsimate
-1.11,SmartEsimate
-0.51,SmartEsimate
-0.48,SmartEsimate
-0.15,SmartEsimate
-0.13,SmartEsimate
0.19,SmartEsimate
0.21,SmartEsimate
0.30,SmartEsimate
0.62,SmartEsimate
0.87,SmartEsimate
1.17,SmartEsimate
1.29,SmartEsimate
1.35,SmartEsimate
1.45,SmartEsimate
1.78,SmartEsimate
2.61,SmartEsimate
3.46,SmartEsimate
3.60,SmartEsimate
4.58,SmartEsimate
4.94,SmartEsimate
5.87,SmartEsimate
6.52,SmartEsimate
6.71,SmartEsimate
7.52,SmartEsimate
8.49,SmartEsimate
9.65,SmartEsimate
10.17,SmartEsimate
10.51,SmartEsimate
12.08,SmartEsimate
13.13,SmartEsimate
13.99,SmartEsimate
14.59,SmartEsimate
15.10,SmartEsimate
15.17,SmartEsimate
19.08,SmartEsimate
24.14,SmartEsimate
27.89,SmartEsimate
34.12,SmartEsimate
34.42,SmartEsimate
42.96,SmartEsimate
57.83,SmartEsimate
72.75,SmartEsimate
105.30,SmartEsimate
-99.88,SmartEsimate
-86.05,SmartEsimate
-83.80,SmartEsimate
-80.13,SmartEsimate
-64.55,SmartEsimate
-62.49,SmartEsimate
-58.30,SmartEsimate
-56.79,SmartEsimate
-51.73,SmartEsimate
-51.68,SmartEsimate
-47.69,SmartEsimate
-41.94,SmartEsimate
-40.21,SmartEsimate
-36.12,SmartEsimate
-34.07,SmartEsimate
-32.20,SmartEsimate
-31.33,SmartEsimate
-30.76,SmartEsimate
-29.58,SmartEsimate
-26.93,SmartEsimate
-25.53,SmartEsimate
-24.12,SmartEsimate
-22.84,SmartEsimate
-22.84,SmartEsimate
-22.73,SmartEsimate
-21.46,SmartEsimate
-20.13,SmartEsimate
-19.87,SmartEsimate
-19.04,SmartEsimate
-18.81,SmartEsimate
-18.71,SmartEsimate
-17.34,SmartEsimate
-17.12,SmartEsimate
-16.65,SmartEsimate
-16.64,SmartEsimate
-16.63,SmartEsimate
-15.67,SmartEsimate
-15.47,SmartEsimate
-15.12,SmartEsimate
-15.10,SmartEsimate
-14.44,SmartEsimate
-13.46,SmartEsimate
-13.17,SmartEsimate
-12.84,SmartEsimate
-12.64,SmartEsimate
-12.40,SmartEsimate
-12.00,SmartEsimate
-11.71,SmartEsimate
-11.14,SmartEsimate
-11.12,SmartEsimate
-10.80,SmartEsimate
-10.66,SmartEsimate
-10.57,SmartEsimate
-10.44,SmartEsimate
-10.37,SmartEsimate
-10.11,SmartEsimate
-9.69,SmartEsimate
-9.48,SmartEsimate
-9.40,SmartEsimate
-9.36,SmartEsimate
-9.34,SmartEsimate
-9.31,SmartEsimate
-9.21,SmartEsimate
-9.12,SmartEsimate
-8.58,SmartEsimate
-8.05,SmartEsimate
-7.47,SmartEsimate
-7.45,SmartEsimate
-7.30,SmartEsimate
-6.96,SmartEsimate
-6.45,SmartEsimate
-6.39,SmartEsimate
-6.32,SmartEsimate
-6.12,SmartEsimate
-5.81,SmartEsimate
-5.52,SmartEsimate
-5.37,SmartEsimate
-4.83,SmartEsimate
-4.79,SmartEsimate
-4.51,SmartEsimate
-3.87,SmartEsimate
-3.42,SmartEsimate
-2.95,SmartEsimate
-2.69,SmartEsimate
-2.61,SmartEsimate
-2.46,SmartEsimate
-2.04,SmartEsimate
-2.00,SmartEsimate
-1.79,SmartEsimate
-1.46,SmartEsimate
-1.36,SmartEsimate
-1.12,SmartEsimate
-0.64,SmartEsimate
-0.47,SmartEsimate
-0.45,SmartEsimate
-0.30,SmartEsimate
0.04,SmartEsimate
0.26,SmartEsimate
0.39,SmartEsimate
0.44,SmartEsimate
0.49,SmartEsimate
0.69,SmartEsimate
0.87,SmartEsimate
0.92,SmartEsimate
1.06,SmartEsimate
1.09,SmartEsimate
1.77,SmartEsimate
1.82,SmartEsimate
1.86,SmartEsimate
2.14,SmartEsimate
2.69,SmartEsimate
2.81,SmartEsimate
2.96,SmartEsimate
2.97,SmartEsimate
3.26,SmartEsimate
3.41,SmartEsimate
3.55,SmartEsimate
3.62,SmartEsimate
3.84,SmartEsimate
4.18,SmartEsimate
4.39,SmartEsimate
4.51,SmartEsimate
4.73,SmartEsimate
5.80,SmartEsimate
6.61,SmartEsimate
6.85,SmartEsimate
6.95,SmartEsimate
7.35,SmartEsimate
7.69,SmartEsimate
8.48,SmartEsimate
8.61,SmartEsimate
9.04,SmartEsimate
9.25,SmartEsimate
9.83,SmartEsimate
10.37,SmartEsimate
11.14,SmartEsimate
11.61,SmartEsimate
13.30,SmartEsimate
13.75,SmartEsimate
17.77,SmartEsimate
18.00,SmartEsimate
20.63,SmartEsimate
28.80,SmartEsimate
29.29,SmartEsimate
30.49,SmartEsimate
52.79,SmartEsimate
428.93,SmartEsimate
499.37,SmartEsimate
791.50,SmartEsimate
-99.91,SmartEsimate
-84.04,SmartEsimate
-81.57,SmartEsimate
-78.63,SmartEsimate
-74.38,SmartEsimate
-71.96,SmartEsimate
-71.63,SmartEsimate
-69.99,SmartEsimate
-63.80,SmartEsimate
-62.42,SmartEsimate
-58.61,SmartEsimate
-52.33,SmartEsimate
-45.29,SmartEsimate
-39.21,SmartEsimate
-38.42,SmartEsimate
-36.60,SmartEsimate
-34.61,SmartEsimate
-33.69,SmartEsimate
-33.38,SmartEsimate
-31.68,SmartEsimate
-30.55,SmartEsimate
-29.56,SmartEsimate
-28.85,SmartEsimate
-27.80,SmartEsimate
-27.52,SmartEsimate
-26.36,SmartEsimate
-25.74,SmartEsimate
-25.56,SmartEsimate
-25.32,SmartEsimate
-24.99,SmartEsimate
-23.80,SmartEsimate
-23.34,SmartEsimate
-22.75,SmartEsimate
-22.59,SmartEsimate
-21.81,SmartEsimate
-19.04,SmartEsimate
-18.48,SmartEsimate
-18.48,SmartEsimate
-17.85,SmartEsimate
-16.68,SmartEsimate
-16.06,SmartEsimate
-13.42,SmartEsimate
-11.89,SmartEsimate
-10.84,SmartEsimate
-10.25,SmartEsimate
-9.96,SmartEsimate
-9.93,SmartEsimate
-9.71,SmartEsimate
-9.62,SmartEsimate
-9.52,SmartEsimate
-9.25,SmartEsimate
-9.18,SmartEsimate
-8.65,SmartEsimate
-8.34,SmartEsimate
-8.06,SmartEsimate
-7.81,SmartEsimate
-7.71,SmartEsimate
-7.45,SmartEsimate
-6.66,SmartEsimate
-6.53,SmartEsimate
-6.13,SmartEsimate
-5.88,SmartEsimate
-5.70,SmartEsimate
-5.66,SmartEsimate
-5.35,SmartEsimate
-4.68,SmartEsimate
-4.53,SmartEsimate
-4.44,SmartEsimate
-4.22,SmartEsimate
-4.15,SmartEsimate
-3.97,SmartEsimate
-3.69,SmartEsimate
-3.55,SmartEsimate
-3.31,SmartEsimate
-3.11,SmartEsimate
-2.61,SmartEsimate
-2.57,SmartEsimate
-2.50,SmartEsimate
-2.17,SmartEsimate
-1.57,SmartEsimate
-1.44,SmartEsimate
-1.19,SmartEsimate
-0.94,SmartEsimate
-0.54,SmartEsimate
-0.45,SmartEsimate
-0.07,SmartEsimate
-0.05,SmartEsimate
-0.05,SmartEsimate
-0.03,SmartEsimate
0.53,SmartEsimate
0.90,SmartEsimate
0.99,SmartEsimate
1.04,SmartEsimate
1.54,SmartEsimate
1.74,SmartEsimate
2.14,SmartEsimate
2.38,SmartEsimate
2.49,SmartEsimate
2.64,SmartEsimate
2.64,SmartEsimate
2.81,SmartEsimate
3.18,SmartEsimate
3.67,SmartEsimate
4.64,SmartEsimate
5.05,SmartEsimate
5.37,SmartEsimate
6.25,SmartEsimate
6.46,SmartEsimate
6.56,SmartEsimate
7.34,SmartEsimate
7.59,SmartEsimate
7.90,SmartEsimate
8.10,SmartEsimate
8.22,SmartEsimate
8.27,SmartEsimate
8.35,SmartEsimate
8.66,SmartEsimate
9.35,SmartEsimate
9.67,SmartEsimate
9.68,SmartEsimate
9.70,SmartEsimate
9.95,SmartEsimate
11.72,SmartEsimate
12.42,SmartEsimate
14.13,SmartEsimate
14.16,SmartEsimate
16.12,SmartEsimate
18.28,SmartEsimate
19.59,SmartEsimate
20.31,SmartEsimate
20.48,SmartEsimate
20.90,SmartEsimate
21.55,SmartEsimate
22.21,SmartEsimate
22.71,SmartEsimate
23.89,SmartEsimate
24.27,SmartEsimate
24.45,SmartEsimate
28.66,SmartEsimate
30.06,SmartEsimate
37.15,SmartEsimate
68.32,SmartEsimate
68.63,SmartEsimate
581.69,SmartEsimate
-83.98,SmartEsimate
-82.60,SmartEsimate
-76.61,SmartEsimate
-68.80,SmartEsimate
-67.42,SmartEsimate
-58.05,SmartEsimate
-55.82,SmartEsimate
-54.64,SmartEsimate
-53.17,SmartEsimate
-38.51,SmartEsimate
-37.61,SmartEsimate
-35.46,SmartEsimate
-33.11,SmartEsimate
-31.87,SmartEsimate
-31.82,SmartEsimate
-28.97,SmartEsimate
-28.68,SmartEsimate
-26.82,SmartEsimate
-26.68,SmartEsimate
-26.41,SmartEsimate
-24.46,SmartEsimate
-24.12,SmartEsimate
-23.79,SmartEsimate
-23.15,SmartEsimate
-21.94,SmartEsimate
-21.92,SmartEsimate
-21.90,SmartEsimate
-21.87,SmartEsimate
-21.24,SmartEsimate
-21.16,SmartEsimate
-21.12,SmartEsimate
-20.89,SmartEsimate
-20.71,SmartEsimate
-20.48,SmartEsimate
-19.51,SmartEsimate
-19.48,SmartEsimate
-17.91,SmartEsimate
-16.94,SmartEsimate
-16.51,SmartEsimate
-16.23,SmartEsimate
-15.94,SmartEsimate
-15.90,SmartEsimate
-15.03,SmartEsimate
-14.65,SmartEsimate
-14.04,SmartEsimate
-13.59,SmartEsimate
-12.42,SmartEsimate
-12.03,SmartEsimate
-11.50,SmartEsimate
-11.06,SmartEsimate
-11.02,SmartEsimate
-10.80,SmartEsimate
-10.35,SmartEsimate
-10.22,SmartEsimate
-9.94,SmartEsimate
-9.76,SmartEsimate
-9.60,SmartEsimate
-9.09,SmartEsimate
-8.54,SmartEsimate
-8.49,SmartEsimate
-8.22,SmartEsimate
-8.12,SmartEsimate
-8.06,SmartEsimate
-7.62,SmartEsimate
-7.37,SmartEsimate
-7.14,SmartEsimate
-6.94,SmartEsimate
-6.59,SmartEsimate
-6.34,SmartEsimate
-6.21,SmartEsimate
-6.13,SmartEsimate
-5.98,SmartEsimate
-5.85,SmartEsimate
-5.62,SmartEsimate
-5.44,SmartEsimate
-4.97,SmartEsimate
-4.86,SmartEsimate
-4.80,SmartEsimate
-4.67,SmartEsimate
-4.61,SmartEsimate
-4.54,SmartEsimate
-4.28,SmartEsimate
-4.22,SmartEsimate
-4.09,SmartEsimate
-3.68,SmartEsimate
-2.89,SmartEsimate
-2.74,SmartEsimate
-2.64,SmartEsimate
-2.42,SmartEsimate
-2.36,SmartEsimate
-1.50,SmartEsimate
-1.33,SmartEsimate
-0.96,SmartEsimate
-0.91,SmartEsimate
-0.82,SmartEsimate
-0.81,SmartEsimate
-0.79,SmartEsimate
-0.47,SmartEsimate
-0.06,SmartEsimate
0.53,SmartEsimate
1.22,SmartEsimate
1.46,SmartEsimate
1.57,SmartEsimate
1.62,SmartEsimate
1.68,SmartEsimate
1.90,SmartEsimate
2.68,SmartEsimate
2.76,SmartEsimate
3.11,SmartEsimate
3.24,SmartEsimate
4.44,SmartEsimate
4.45,SmartEsimate
4.59,SmartEsimate
6.06,SmartEsimate
6.73,SmartEsimate
6.86,SmartEsimate
7.40,SmartEsimate
7.59,SmartEsimate
7.68,SmartEsimate
9.10,SmartEsimate
11.61,SmartEsimate
11.95,SmartEsimate
12.25,SmartEsimate
12.48,SmartEsimate
13.22,SmartEsimate
16.35,SmartEsimate
16.58,SmartEsimate
18.38,SmartEsimate
19.96,SmartEsimate
22.68,SmartEsimate
22.89,SmartEsimate
23.39,SmartEsimate
26.83,SmartEsimate
42.74,SmartEsimate
46.27,SmartEsimate
69.74,SmartEsimate
-73.33,SmartEsimate
-72.18,SmartEsimate
-62.91,SmartEsimate
-61.41,SmartEsimate
-56.50,SmartEsimate
-54.61,SmartEsimate
-54.39,SmartEsimate
-52.77,SmartEsimate
-51.32,SmartEsimate
-50.20,SmartEsimate
-48.53,SmartEsimate
-44.54,SmartEsimate
-39.97,SmartEsimate
-35.42,SmartEsimate
-34.20,SmartEsimate
-33.04,SmartEsimate
-31.13,SmartEsimate
-30.93,SmartEsimate
-29.19,SmartEsimate
-28.21,SmartEsimate
-27.77,SmartEsimate
-27.75,SmartEsimate
-27.36,SmartEsimate
-27.20,SmartEsimate
-26.82,SmartEsimate
-26.32,SmartEsimate
-25.80,SmartEsimate
-19.38,SmartEsimate
-18.69,SmartEsimate
-18.16,SmartEsimate
-15.92,SmartEsimate
-15.24,SmartEsimate
-13.76,SmartEsimate
-12.39,SmartEsimate
-12.09,SmartEsimate
-11.95,SmartEsimate
-11.83,SmartEsimate
-11.10,SmartEsimate
-11.09,SmartEsimate
-11.02,SmartEsimate
-10.99,SmartEsimate
-10.53,SmartEsimate
-9.96,SmartEsimate
-9.50,SmartEsimate
-9.39,SmartEsimate
-8.70,SmartEsimate
-8.25,SmartEsimate
-8.20,SmartEsimate
-8.14,SmartEsimate
-6.91,SmartEsimate
-6.77,SmartEsimate
-6.76,SmartEsimate
-6.37,SmartEsimate
-5.18,SmartEsimate
-5.10,SmartEsimate
-4.64,SmartEsimate
-3.76,SmartEsimate
-3.73,SmartEsimate
-3.59,SmartEsimate
-3.07,SmartEsimate
-2.76,SmartEsimate
-2.60,SmartEsimate
-2.44,SmartEsimate
-2.33,SmartEsimate
-1.91,SmartEsimate
-1.66,SmartEsimate
-1.65,SmartEsimate
-1.63,SmartEsimate
-1.37,SmartEsimate
-1.34,SmartEsimate
-1.12,SmartEsimate
-1.00,SmartEsimate
-0.94,SmartEsimate
-0.83,SmartEsimate
-0.72,SmartEsimate
-0.61,SmartEsimate
-0.53,SmartEsimate
-0.45,SmartEsimate
-0.24,SmartEsimate
-0.23,SmartEsimate
0.47,SmartEsimate
1.32,SmartEsimate
1.40,SmartEsimate
1.65,SmartEsimate
1.65,SmartEsimate
1.86,SmartEsimate
2.01,SmartEsimate
2.51,SmartEsimate
3.04,SmartEsimate
3.27,SmartEsimate
3.52,SmartEsimate
3.68,SmartEsimate
5.47,SmartEsimate
6.12,SmartEsimate
6.40,SmartEsimate
7.09,SmartEsimate
7.93,SmartEsimate
8.26,SmartEsimate
8.50,SmartEsimate
8.57,SmartEsimate
8.65,SmartEsimate
8.90,SmartEsimate
10.22,SmartEsimate
10.87,SmartEsimate
11.73,SmartEsimate
12.56,SmartEsimate
12.92,SmartEsimate
12.99,SmartEsimate
14.99,SmartEsimate
15.63,SmartEsimate
16.10,SmartEsimate
16.32,SmartEsimate
16.92,SmartEsimate
21.85,SmartEsimate
22.99,SmartEsimate
25.14,SmartEsimate
31.28,SmartEsimate
36.22,SmartEsimate
38.34,SmartEsimate
98.36,SmartEsimate
323.32,SmartEsimate
372.25,SmartEsimate
